net,ref,pin,pin_name,domain,status,note
+12V_IN,J1,1,12V,LV,VERIFY,"insulated DC-jack pigtail, centre positive"
GND,J1,2,GND,LV,VERIFY,
+12V_IN,F1,1,PTC,LV,VERIFY,Littelfuse 1812L075/33DR
12V_FUSED,F1,2,PTC,LV,VERIFY,
12V_FUSED,QP1,D,drain,LV,VERIFY,reverse-polarity PMOS: input on drain
V12,QP1,S,source,LV,VERIFY,
GND,QP1,G,gate,LV,VERIFY,gate to GND; check Vgs(max) vs adapter overshoot
V12,C5,1,+,LV,VERIFY,47 uF 25 V radial
GND,C5,2,-,LV,VERIFY,
V12,TP2,1,TP,LV,VERIFY,
GND,TP1,1,TP,LV,VERIFY,
V12,A1,VIN,VIN,LV,OK,Nano Classic silk label
GND,A1,GND,GND,LV,OK,
V5,A1,5V,5V,LV,OK,
V5,TP3,1,TP,LV,VERIFY,
V5,U3,2,VCC,LV,OK,DS3231SN# SOIC-16
GND,U3,5,N.C. (ground per datasheet),LV,VERIFY,datasheet: unused pins 5-12 to ground
GND,U3,6,N.C. (ground per datasheet),LV,VERIFY,datasheet: unused pins 5-12 to ground
GND,U3,7,N.C. (ground per datasheet),LV,VERIFY,datasheet: unused pins 5-12 to ground
GND,U3,8,N.C. (ground per datasheet),LV,VERIFY,datasheet: unused pins 5-12 to ground
GND,U3,9,N.C. (ground per datasheet),LV,VERIFY,datasheet: unused pins 5-12 to ground
GND,U3,10,N.C. (ground per datasheet),LV,VERIFY,datasheet: unused pins 5-12 to ground
GND,U3,11,N.C. (ground per datasheet),LV,VERIFY,datasheet: unused pins 5-12 to ground
GND,U3,12,N.C. (ground per datasheet),LV,VERIFY,datasheet: unused pins 5-12 to ground
GND,U3,13,GND,LV,OK,
VBAT,U3,14,VBAT,LV,OK,
I2C_SDA,U3,15,SDA,LV,OK,
I2C_SCL,U3,16,SCL,LV,OK,
U3_32K_NC,U3,1,32kHz,LV,OK,not connected
U3_INT_NC,U3,3,INT/SQW,LV,OK,not connected
U3_RST_NC,U3,4,RST,LV,OK,not connected (internal pull-up)
V5,C8,1,,LV,VERIFY,100 nF at U3 VCC
GND,C8,2,,LV,VERIFY,
VBAT,J2,1,+,LV,VERIFY,to insulated CR2032 holder (primary cell only)
GND,J2,2,-,LV,VERIFY,
I2C_SDA,A1,A4,A4/SDA,LV,OK,
I2C_SCL,A1,A5,A5/SCL,LV,OK,
I2C_SDA,RI1,1,,LV,VERIFY,4.7 k pull-up
V5,RI1,2,,LV,VERIFY,
I2C_SCL,RI2,1,,LV,VERIFY,4.7 k pull-up
V5,RI2,2,,LV,VERIFY,
BTN_SET,A1,D2,D2,LV,OK,
BTN_SET,SW1,1,A,LV,VERIFY,B3F-1062-G; pins 1-2 and 3-4 are internally paired
BTN_SET,SW1,2,A,LV,VERIFY,
GND,SW1,3,B,LV,VERIFY,
GND,SW1,4,B,LV,VERIFY,
BTN_H,A1,D3,D3,LV,OK,
BTN_H,SW2,1,A,LV,VERIFY,B3F-1062-G; pins 1-2 and 3-4 are internally paired
BTN_H,SW2,2,A,LV,VERIFY,
GND,SW2,3,B,LV,VERIFY,
GND,SW2,4,B,LV,VERIFY,
BTN_M,A1,D4,D4,LV,OK,
BTN_M,SW3,1,A,LV,VERIFY,B3F-1062-G; pins 1-2 and 3-4 are internally paired
BTN_M,SW3,2,A,LV,VERIFY,
GND,SW3,3,B,LV,VERIFY,
GND,SW3,4,B,LV,VERIFY,
V12,RV1,1,,LV,VERIFY,47 k
VIN_SENSE,RV1,2,,LV,VERIFY,
VIN_SENSE,RV2,1,,LV,VERIFY,10 k
GND,RV2,2,,LV,VERIFY,
VIN_SENSE,A1,A1,A1,LV,OK,
CLOCK_N,A1,D13,D13,LV,OK,
CLOCK_N,RB1,1,,LV,VERIFY,10 k base resistor
QL1_B,RB1,2,,LV,VERIFY,
QL1_B,QL1,B,base,LV,VERIFY,MMBT3904
QL1_B,RPD1,1,,LV,VERIFY,100 k base pull-down: off while Nano is in reset
GND,RPD1,2,,LV,VERIFY,
GND,QL1,E,emitter,LV,VERIFY,
DRV_CLK,QL1,C,collector,LOGIC12,VERIFY,inverting: Nano HIGH -> driver input LOW
DRV_CLK,RC1,1,,LOGIC12,VERIFY,10 k pull-up to V12
V12,RC1,2,,LOGIC12,VERIFY,
DATA_N,A1,D10,D10,LV,OK,
DATA_N,RB2,1,,LV,VERIFY,10 k base resistor
QL2_B,RB2,2,,LV,VERIFY,
QL2_B,QL2,B,base,LV,VERIFY,MMBT3904
QL2_B,RPD2,1,,LV,VERIFY,100 k base pull-down: off while Nano is in reset
GND,RPD2,2,,LV,VERIFY,
GND,QL2,E,emitter,LV,VERIFY,
DRV_DIN,QL2,C,collector,LOGIC12,VERIFY,inverting: Nano HIGH -> driver input LOW
DRV_DIN,RC2,1,,LOGIC12,VERIFY,10 k pull-up to V12
V12,RC2,2,,LOGIC12,VERIFY,
LATCH_N,A1,D9,D9,LV,OK,
LATCH_N,RB3,1,,LV,VERIFY,10 k base resistor
QL3_B,RB3,2,,LV,VERIFY,
QL3_B,QL3,B,base,LV,VERIFY,MMBT3904
QL3_B,RPD3,1,,LV,VERIFY,100 k base pull-down: off while Nano is in reset
GND,RPD3,2,,LV,VERIFY,
GND,QL3,E,emitter,LV,VERIFY,
DRV_LE,QL3,C,collector,LOGIC12,VERIFY,inverting: Nano HIGH -> driver input LOW
DRV_LE,RC3,1,,LOGIC12,VERIFY,10 k pull-up to V12
V12,RC3,2,,LOGIC12,VERIFY,
RUN,A1,D6,D6,LV,OK,
RUN,RB4,1,,LV,VERIFY,10 k
QL4_B,RB4,2,,LV,VERIFY,
QL4_B,QL4,B,base,LV,VERIFY,MMBT3904
QL4_B,RPD4,1,,LV,VERIFY,100 k pull-down
GND,RPD4,2,,LV,VERIFY,
GND,QL4,E,emitter,LV,VERIFY,
QL4_C,QL4,C,collector,LOGIC12,VERIFY,
QL4_C,RB6,1,,LOGIC12,VERIFY,10 k
QL5_B,RB6,2,,LOGIC12,VERIFY,
QL5_B,QL5,B,base,LOGIC12,VERIFY,MMBT3906
QL5_B,RPU5,1,,LOGIC12,VERIFY,100 k base pull-up: PNP off by default
V12,RPU5,2,,LOGIC12,VERIFY,
V12,QL5,E,emitter,LOGIC12,VERIFY,
DRV_BL,QL5,C,collector,LOGIC12,VERIFY,RUN HIGH -> BL HIGH (outputs enabled)
DRV_BL,RD1,1,,LOGIC12,VERIFY,10 k pull-down: BL LOW = blanked by default
GND,RD1,2,,LOGIC12,VERIFY,
V12,U1,25,VDD,LOGIC12,DATASHEET,pin number from HV5522 data sheet; re-check against current Microchip DS20005699
GND,U1,24,VSS,LOGIC12,DATASHEET,
DRV_CLK,U1,23,CLK,LOGIC12,DATASHEET,data shifts on CLK falling edge
DRV_LE,U1,26,LE,LOGIC12,DATASHEET,latches load while LE is HIGH
DRV_BL,U1,28,BL,LOGIC12,DATASHEET,BL LOW + POL HIGH = all outputs OFF
V12,U1,22,POL,LOGIC12,DATASHEET,SAFETY: POL tied HIGH; POL LOW + BL LOW would turn every cathode ON
U1_NC19,U1,19,N/C,LOGIC12,DATASHEET,not connected
U1_NC20,U1,20,N/C,LOGIC12,DATASHEET,not connected
U1_NC21,U1,21,N/C,LOGIC12,DATASHEET,not connected
U1_NC29,U1,29,N/C,LOGIC12,DATASHEET,not connected
V12,C1,1,,LOGIC12,VERIFY,100 nF at VDD
GND,C1,2,,LOGIC12,VERIFY,
V12,C3,1,,LOGIC12,VERIFY,"10 uF 0805, rated >=25 V"
GND,C3,2,,LOGIC12,VERIFY,
V12,U2,25,VDD,LOGIC12,DATASHEET,pin number from HV5522 data sheet; re-check against current Microchip DS20005699
GND,U2,24,VSS,LOGIC12,DATASHEET,
DRV_CLK,U2,23,CLK,LOGIC12,DATASHEET,data shifts on CLK falling edge
DRV_LE,U2,26,LE,LOGIC12,DATASHEET,latches load while LE is HIGH
DRV_BL,U2,28,BL,LOGIC12,DATASHEET,BL LOW + POL HIGH = all outputs OFF
V12,U2,22,POL,LOGIC12,DATASHEET,SAFETY: POL tied HIGH; POL LOW + BL LOW would turn every cathode ON
U2_NC19,U2,19,N/C,LOGIC12,DATASHEET,not connected
U2_NC20,U2,20,N/C,LOGIC12,DATASHEET,not connected
U2_NC21,U2,21,N/C,LOGIC12,DATASHEET,not connected
U2_NC29,U2,29,N/C,LOGIC12,DATASHEET,not connected
V12,C2,1,,LOGIC12,VERIFY,100 nF at VDD
GND,C2,2,,LOGIC12,VERIFY,
V12,C4,1,,LOGIC12,VERIFY,"10 uF 0805, rated >=25 V"
GND,C4,2,,LOGIC12,VERIFY,
DRV_DIN,U1,27,DATA IN,LOGIC12,DATASHEET,
DRV_CHAIN,U1,18,DATA OUT,LOGIC12,DATASHEET,U1 DATA OUT -> U2 DATA IN
DRV_CHAIN,U2,27,DATA IN,LOGIC12,DATASHEET,
U2_DOUT_NC,U2,18,DATA OUT,LOGIC12,DATASHEET,not connected
HV_EN,A1,D7,D7,LV,OK,
HV_EN,RB5,1,,LV,VERIFY,10 k
QE1_B,RB5,2,,LV,VERIFY,
QE1_B,QE1,B,base,LV,VERIFY,MMBT3904
QE1_B,RPD5,1,,LV,VERIFY,100 k pull-down: HV off while Nano is in reset
GND,RPD5,2,,LV,VERIFY,
GND,QE1,E,emitter,LV,VERIFY,
HV_GATE,QE1,C,collector,LV,VERIFY,
HV_GATE,QP2,G,gate,LV,VERIFY,"DMP3098L-7 high-side switch, default OFF"
HV_GATE,RGP,1,,LV,VERIFY,100 k gate pull-up to source
HV_ARMED_12V,RGP,2,,LV,VERIFY,
V12,JP1,1,HV_ARM,LV,VERIFY,remove shunt = converter input open (NOT proof of discharge)
HV_ARMED_12V,JP1,2,HV_ARM,LV,VERIFY,
HV_ARMED_12V,QP2,S,source,LV,VERIFY,
HV_IN_12V,QP2,D,drain,LV,VERIFY,
HV_IN_12V,C6,1,,LV,VERIFY,"10 uF 1210, rated >=25 V"
GND,C6,2,,LV,VERIFY,
HV_IN_12V,PS1,1,VIN,LV,VERIFY,NCH8200HV: pin order per data sheet; confirm on the module you receive
GND,PS1,2,GND,LV,VERIFY,
HV170,PS1,3,VOUT,HV,VERIFY,
GND,PS1,4,GND,LV,VERIFY,
GND,PS1,5,GND,LV,VERIFY,
HV170,CHV,1,,HV,VERIFY,"100 nF >=250 V 1210, <=3 mm tall"
GND,CHV,2,,HV,VERIFY,
HV170,TP4,1,TP,HV,VERIFY,HV test pad: measure only per SAFETY.md
HV170,RH1,1,,HV,VERIFY,110 k 1206 >=0.5 W >=200 V bleeder
HV_BLEED_MID,RH1,2,,HV,VERIFY,
HV_BLEED_MID,RH2,1,,HV,VERIFY,
GND,RH2,2,,HV,VERIFY,
HV170,RS1,1,,HV,VERIFY,1 M 1206 >=200 V
HV_SENSE_MID,RS1,2,,HV,VERIFY,
HV_SENSE_MID,RS2,1,,HV,VERIFY,
HV_SENSE,RS2,2,,HV,VERIFY,
HV_SENSE,RS3,1,,LV,VERIFY,22 k 0805 (NOT an anode resistor)
GND,RS3,2,,LV,VERIFY,
HV_SENSE,C7,1,,LV,VERIFY,10 nF filter
GND,C7,2,,LV,VERIFY,
HV_SENSE,A1,A0,A0,LV,OK,
HV170,RA1,1,,HV,VERIFY,22 k 1% 1 W PR01 axial - safety item
ANODE1,RA1,2,,HV,VERIFY,
ANODE1,T1,A,anode,HV,VERIFY,"IN-14 direct solder, factory spacer kept"
T1_K0,T1,K0,cathode 0,HV,VERIFY,
T1_K0,U1,30,HVOUT1,HV,DATASHEET,
T1_K1,T1,K1,cathode 1,HV,VERIFY,
T1_K1,U1,31,HVOUT2,HV,DATASHEET,
T1_K2,T1,K2,cathode 2,HV,VERIFY,
T1_K2,U1,32,HVOUT3,HV,DATASHEET,
T1_K3,T1,K3,cathode 3,HV,VERIFY,
T1_K3,U1,33,HVOUT4,HV,DATASHEET,
T1_K4,T1,K4,cathode 4,HV,VERIFY,
T1_K4,U1,34,HVOUT5,HV,DATASHEET,
T1_K5,T1,K5,cathode 5,HV,VERIFY,
T1_K5,U1,35,HVOUT6,HV,DATASHEET,
T1_K6,T1,K6,cathode 6,HV,VERIFY,
T1_K6,U1,36,HVOUT7,HV,DATASHEET,
T1_K7,T1,K7,cathode 7,HV,VERIFY,
T1_K7,U1,37,HVOUT8,HV,DATASHEET,
T1_K8,T1,K8,cathode 8,HV,VERIFY,
T1_K8,U1,38,HVOUT9,HV,DATASHEET,
T1_K9,T1,K9,cathode 9,HV,VERIFY,
T1_K9,U1,39,HVOUT10,HV,DATASHEET,
T1_LDP_NC,T1,LDP,left decimal point,HV,VERIFY,not connected
T1_RDP_NC,T1,RDP,right decimal point,HV,VERIFY,not connected
HV170,RA2,1,,HV,VERIFY,22 k 1% 1 W PR01 axial - safety item
ANODE2,RA2,2,,HV,VERIFY,
ANODE2,T2,A,anode,HV,VERIFY,"IN-14 direct solder, factory spacer kept"
T2_K0,T2,K0,cathode 0,HV,VERIFY,
T2_K0,U1,40,HVOUT11,HV,DATASHEET,
T2_K1,T2,K1,cathode 1,HV,VERIFY,
T2_K1,U1,41,HVOUT12,HV,DATASHEET,
T2_K2,T2,K2,cathode 2,HV,VERIFY,
T2_K2,U1,42,HVOUT13,HV,DATASHEET,
T2_K3,T2,K3,cathode 3,HV,VERIFY,
T2_K3,U1,43,HVOUT14,HV,DATASHEET,
T2_K4,T2,K4,cathode 4,HV,VERIFY,
T2_K4,U1,44,HVOUT15,HV,DATASHEET,
T2_K5,T2,K5,cathode 5,HV,VERIFY,
T2_K5,U1,1,HVOUT16,HV,DATASHEET,
T2_K6,T2,K6,cathode 6,HV,VERIFY,
T2_K6,U1,2,HVOUT17,HV,DATASHEET,
T2_K7,T2,K7,cathode 7,HV,VERIFY,
T2_K7,U1,3,HVOUT18,HV,DATASHEET,
T2_K8,T2,K8,cathode 8,HV,VERIFY,
T2_K8,U1,4,HVOUT19,HV,DATASHEET,
T2_K9,T2,K9,cathode 9,HV,VERIFY,
T2_K9,U1,5,HVOUT20,HV,DATASHEET,
T2_LDP_NC,T2,LDP,left decimal point,HV,VERIFY,not connected
T2_RDP_NC,T2,RDP,right decimal point,HV,VERIFY,not connected
HV170,RA3,1,,HV,VERIFY,22 k 1% 1 W PR01 axial - safety item
ANODE3,RA3,2,,HV,VERIFY,
ANODE3,T3,A,anode,HV,VERIFY,"IN-14 direct solder, factory spacer kept"
T3_K0,T3,K0,cathode 0,HV,VERIFY,
T3_K0,U1,6,HVOUT21,HV,DATASHEET,
T3_K1,T3,K1,cathode 1,HV,VERIFY,
T3_K1,U1,7,HVOUT22,HV,DATASHEET,
T3_K2,T3,K2,cathode 2,HV,VERIFY,
T3_K2,U1,8,HVOUT23,HV,DATASHEET,
T3_K3,T3,K3,cathode 3,HV,VERIFY,
T3_K3,U1,9,HVOUT24,HV,DATASHEET,
T3_K4,T3,K4,cathode 4,HV,VERIFY,
T3_K4,U1,10,HVOUT25,HV,DATASHEET,
T3_K5,T3,K5,cathode 5,HV,VERIFY,
T3_K5,U1,11,HVOUT26,HV,DATASHEET,
T3_K6,T3,K6,cathode 6,HV,VERIFY,
T3_K6,U1,12,HVOUT27,HV,DATASHEET,
T3_K7,T3,K7,cathode 7,HV,VERIFY,
T3_K7,U1,13,HVOUT28,HV,DATASHEET,
T3_K8,T3,K8,cathode 8,HV,VERIFY,
T3_K8,U1,14,HVOUT29,HV,DATASHEET,
T3_K9,T3,K9,cathode 9,HV,VERIFY,
T3_K9,U1,15,HVOUT30,HV,DATASHEET,
T3_LDP_NC,T3,LDP,left decimal point,HV,VERIFY,not connected
T3_RDP_NC,T3,RDP,right decimal point,HV,VERIFY,not connected
HV170,RA4,1,,HV,VERIFY,22 k 1% 1 W PR01 axial - safety item
ANODE4,RA4,2,,HV,VERIFY,
ANODE4,T4,A,anode,HV,VERIFY,"IN-14 direct solder, factory spacer kept"
T4_K0,T4,K0,cathode 0,HV,VERIFY,
T4_K0,U2,30,HVOUT1,HV,DATASHEET,
T4_K1,T4,K1,cathode 1,HV,VERIFY,
T4_K1,U2,31,HVOUT2,HV,DATASHEET,
T4_K2,T4,K2,cathode 2,HV,VERIFY,
T4_K2,U2,32,HVOUT3,HV,DATASHEET,
T4_K3,T4,K3,cathode 3,HV,VERIFY,
T4_K3,U2,33,HVOUT4,HV,DATASHEET,
T4_K4,T4,K4,cathode 4,HV,VERIFY,
T4_K4,U2,34,HVOUT5,HV,DATASHEET,
T4_K5,T4,K5,cathode 5,HV,VERIFY,
T4_K5,U2,35,HVOUT6,HV,DATASHEET,
T4_K6,T4,K6,cathode 6,HV,VERIFY,
T4_K6,U2,36,HVOUT7,HV,DATASHEET,
T4_K7,T4,K7,cathode 7,HV,VERIFY,
T4_K7,U2,37,HVOUT8,HV,DATASHEET,
T4_K8,T4,K8,cathode 8,HV,VERIFY,
T4_K8,U2,38,HVOUT9,HV,DATASHEET,
T4_K9,T4,K9,cathode 9,HV,VERIFY,
T4_K9,U2,39,HVOUT10,HV,DATASHEET,
T4_LDP_NC,T4,LDP,left decimal point,HV,VERIFY,not connected
T4_RDP_NC,T4,RDP,right decimal point,HV,VERIFY,not connected
HV170,RA5,1,,HV,VERIFY,22 k 1% 1 W PR01 axial - safety item
ANODE5,RA5,2,,HV,VERIFY,
ANODE5,T5,A,anode,HV,VERIFY,"IN-14 direct solder, factory spacer kept"
T5_K0,T5,K0,cathode 0,HV,VERIFY,
T5_K0,U2,40,HVOUT11,HV,DATASHEET,
T5_K1,T5,K1,cathode 1,HV,VERIFY,
T5_K1,U2,41,HVOUT12,HV,DATASHEET,
T5_K2,T5,K2,cathode 2,HV,VERIFY,
T5_K2,U2,42,HVOUT13,HV,DATASHEET,
T5_K3,T5,K3,cathode 3,HV,VERIFY,
T5_K3,U2,43,HVOUT14,HV,DATASHEET,
T5_K4,T5,K4,cathode 4,HV,VERIFY,
T5_K4,U2,44,HVOUT15,HV,DATASHEET,
T5_K5,T5,K5,cathode 5,HV,VERIFY,
T5_K5,U2,1,HVOUT16,HV,DATASHEET,
T5_K6,T5,K6,cathode 6,HV,VERIFY,
T5_K6,U2,2,HVOUT17,HV,DATASHEET,
T5_K7,T5,K7,cathode 7,HV,VERIFY,
T5_K7,U2,3,HVOUT18,HV,DATASHEET,
T5_K8,T5,K8,cathode 8,HV,VERIFY,
T5_K8,U2,4,HVOUT19,HV,DATASHEET,
T5_K9,T5,K9,cathode 9,HV,VERIFY,
T5_K9,U2,5,HVOUT20,HV,DATASHEET,
T5_LDP_NC,T5,LDP,left decimal point,HV,VERIFY,not connected
T5_RDP_NC,T5,RDP,right decimal point,HV,VERIFY,not connected
HV170,RA6,1,,HV,VERIFY,22 k 1% 1 W PR01 axial - safety item
ANODE6,RA6,2,,HV,VERIFY,
ANODE6,T6,A,anode,HV,VERIFY,"IN-14 direct solder, factory spacer kept"
T6_K0,T6,K0,cathode 0,HV,VERIFY,
T6_K0,U2,6,HVOUT21,HV,DATASHEET,
T6_K1,T6,K1,cathode 1,HV,VERIFY,
T6_K1,U2,7,HVOUT22,HV,DATASHEET,
T6_K2,T6,K2,cathode 2,HV,VERIFY,
T6_K2,U2,8,HVOUT23,HV,DATASHEET,
T6_K3,T6,K3,cathode 3,HV,VERIFY,
T6_K3,U2,9,HVOUT24,HV,DATASHEET,
T6_K4,T6,K4,cathode 4,HV,VERIFY,
T6_K4,U2,10,HVOUT25,HV,DATASHEET,
T6_K5,T6,K5,cathode 5,HV,VERIFY,
T6_K5,U2,11,HVOUT26,HV,DATASHEET,
T6_K6,T6,K6,cathode 6,HV,VERIFY,
T6_K6,U2,12,HVOUT27,HV,DATASHEET,
T6_K7,T6,K7,cathode 7,HV,VERIFY,
T6_K7,U2,13,HVOUT28,HV,DATASHEET,
T6_K8,T6,K8,cathode 8,HV,VERIFY,
T6_K8,U2,14,HVOUT29,HV,DATASHEET,
T6_K9,T6,K9,cathode 9,HV,VERIFY,
T6_K9,U2,15,HVOUT30,HV,DATASHEET,
T6_LDP_NC,T6,LDP,left decimal point,HV,VERIFY,not connected
T6_RDP_NC,T6,RDP,right decimal point,HV,VERIFY,not connected
HV170,RL1,1,,HV,VERIFY,220 k 1% 1 W PR01 axial
LAMP1_A,RL1,2,,HV,VERIFY,
LAMP1_A,L1,1,lead,HV,VERIFY,NE-2: sleeve both leads >=300 V (600 V preferred)
SEP1_K,L1,2,lead,HV,VERIFY,
SEP1_K,U1,16,HVOUT31,HV,DATASHEET,
U1_OUT32_NC,U1,17,HVOUT32,HV,DATASHEET,"unused, never set"
HV170,RL2,1,,HV,VERIFY,220 k 1% 1 W PR01 axial
LAMP2_A,RL2,2,,HV,VERIFY,
LAMP2_A,L2,1,lead,HV,VERIFY,NE-2: sleeve both leads >=300 V (600 V preferred)
SEP2_K,L2,2,lead,HV,VERIFY,
SEP2_K,U2,16,HVOUT31,HV,DATASHEET,
U2_OUT32_NC,U2,17,HVOUT32,HV,DATASHEET,"unused, never set"
