option,qty,item,spec,file
both,1,4-layer FR-4 printed circuit board (PCB) 218 x 64 x 1.6 mm,NOT YET ROUTED: see docs/MANUFACTURING.md release gate,hardware/
both,1,"Isolated regulated 12 V adapter, >=1 A, centre-positive 5.5 x 2.1 mm","SAFETY ITEM: isolated, regulated, from a reputable maker",-
both,1,"Insulated DC-jack pigtail, 5.5 x 2.1 mm female, about 150 mm",outer diameter about 4 mm to suit the 4.2 mm rear hole and clamp,-
both,1,CR2032 primary lithium cell,never a rechargeable LIR2032,-
both,1,Insulated CR2032 holder with leads,<=30 x 25 x 7 mm,-
both,2,"1x15 female headers, 2.54 mm","Nano socket, about 6 mm stack",-
both,1,Converter mount set (stand-offs) for the NCH8200HV,4 mm separation from the board,-
both,1,"Insulation sleeving for neon leads, about 300 mm","SAFETY ITEM: rated >=300 V, 600 V preferred",-
both,2,"Cable ties, small",wire dressing,-
both,4,"Rubber feet, self-adhesive, about 8 mm",keep clear of the four screw heads,-
both,1,USB Mini-B data cable,"data-capable, for flashing",-
both,1,"PETG filament, matte",under 200 g for either option,-
both,1,Printed part 02 bottom cover,PETG,cad/stl/02_bottom_cover.stl
both,1,Printed part 03 cable clamp,PETG,cad/stl/03_cable_clamp.stl
both,1,Printed part 06 fit coupon (print first),PETG,cad/stl/06_fit_coupon.stl
both,1,Printed part 07 unpowered lead-pattern coupon (never powered),PETG,cad/stl/07_unpowered_lead_pattern_coupon.stl
both,1,Printed HV warning and rating labels,"docs/labels.pdf, on the bottom cover",docs/labels.pdf
all_printed,1,Printed part 01 hood,PETG,cad/stl/01_printed_hood.stl
all_printed,4,M2 x 8 screw,bottom cover,-
all_printed,7,M2 x 6 screw,5 PCB + 2 cable clamp,-
clear_top,1,Printed part 04 acrylic frame,PETG,cad/stl/04_optional_acrylic_frame.stl
clear_top,1,"3 mm clear CAST acrylic top, laser cut",228.8 x 74.8 mm,cad/Acrylic_top_3mm_1to1.dxf
clear_top,4,M2 x 8 screw,bottom cover,-
clear_top,5,M2 x 4 screw,PCB (longer screws strike the acrylic),-
clear_top,6,M2 x 6 screw,4 acrylic top + 2 cable clamp,-
